item_name,item_id,item_category_id
ДИК ТРЭЙСИ (BD),11068,37
"Legends of Aethereus [PC, Цифровая версия]",4463,31
Мягкая игрушка-подушка Маша и Медведь Антистресс 21см,15506,63
"Штрафбат (СофтКлаб) [PC, Цифровая версия]",21995,31
"Assassin's Creed: Откровения (Essentials) [PS3, русская версия]",1572,19
1С:Аудиокниги. Грин А.С. Алые паруса [Цифровая версия],221,44
LIMP BIZKIT  Gold Cobra,4411,55
X360: Turtle Beaсh. EarForce XC1. Геймерская стерео гарнитура  (Xbox 360),7885,6
VA-БАНК,7530,40
Call of Duty: Modern Warfare 2 DVD,2332,30
"F1 Race Stars [PS3, английская версия]",3265,19
Брелок Halo 4 UNSC Logo,9349,70
ШРЭК НАВСЕГДА (3D BD+BD),21914,38
"Warhammer 40 000. Dawn of War II. Retribution. Набор ""Космический десант"" [PC, Цифровая версия]",7757,31
Skylanders Swap Force. Интерактивная фигурка (трансформер) Magna Charge,6545,25
СЕННА (BD),18637,37
КАМЕНЬ,12389,40
"Far Cry 3 [Xbox 360, русская версия]",3434,23
СЛЕЖКА,18750,40
Стругацкие А. и Б.  Обитаемый остров  2CD (mp3-CD) (Jewel),19462,43
СМЕШАННЫЕ ЧУВСТВА (регион),18796,40
"LEGO Batman 3. Покидая Готэм [Xbox 360, русские субтитры]",4338,23
МРАЧНЫЕ НЕБЕСА (регион),14797,40
ЛЕГЕНДАРНЫЙ,13813,40
MADONNA Music LP,4528,58
PARKER CHARLIE  Jazz At Massey Hall 180 GRAMM  LP,5436,58
"Warhammer 40,000. Space Marine. Коллекционное издание [PC, Box]",7772,29
ТАРАКАНИЩЕ  сб. м/ф (регион),19573,40
СБ. Горячая 20-ка  Осень-Зима  2012-2013,18300,55
"Ultimate Games. Deus Ex. Human Revolution [PС, Jewel, русская версия]",7201,30
ПЯТЬ НЕВЕСТ (BD),17580,37
ТРАНС (BD),19772,37
"Фигурка Scalers Batman, Joker SDCC-2014 2-Pack 2""",20726,72
1С:Образовательная коллекция. English today. Углубленный курс для самообучения (Jewel),547,77
ПАСПОРТ (BD),16909,37
ТАРАС БУЛЬБА (Регион),19575,40
Kaspersky Internet Security 2011 Russian Edition. 2-Desktop 1 year Renewal Box,4159,75
SoftOrbits Пакетная автоматическая обработка фотографий Rus  [Цифровая версия],6648,76
ДЯДЮШКА АУ сб.м/ф (регион),11266,40
"1С:Познавательная коллекция Интерактивный тренажер вождения по городу. С правилами ПДД 2014 [PC, Цифровая версия]",688,78
"Tekken Tag Tournament 2 (с поддержкой 3D) [PS3, русские субтитры]",6916,19
ПЕРЕПОЛОХ НА РАЙОНЕ,16973,40
1С:Аудиокниги. Around the World in 80 days (by Jules Verne) (Jewel),134,45
"Omerta – City of Gangsters: The Japanese Incentive  [PC, Цифровая версия]",5394,31
АПОЛЛОН 18 (BD),8331,37
ELECTRIC LIGHT ORCHESTRA  Out Of The Blue  2LP,3096,58
СМЕРТЕЛЬНАЯ ГОНКА 3 (BD),18772,37
3D Пазл Минни Маус мал.(розовый)/ 3D Puzzle Minnie Mouse small Pink Арт. 56793,1056,67
ЛУНТИК: ХУДОЖНИКИ (регион),14015,40
STING  Last Ship (фирм.),6346,56
ДВЕНАДЦАТЬ СТУЛЬЕВ (М.ЗАХАРОВ) (3-4 СЕРИЯ) (rem),10753,40
КОЛЛЕКЦИЯ УЖАСОВ (BD),12695,37
"Настольная игра Чарли, арт.2011",16238,64
Машинка на дистанционном управлении (iOS),15019,62
ПАЛАТА  (DVD+BD),16855,40
1С:Репетитор. Физика (jewel),828,77
X360: Геймпад беспроводной черный - Wireless Controller BLACK (NSF-00002: Microsoft),7893,6
Футболка Payday 2 Dallas Mask XL,21191,61
КОРОТЫШКА,12813,40
ВВС:80 ЧУДЕС СВЕТА (5dvd),9601,40
Kings Crusade. Львиное Сердце,4269,30
МУЛЕРМАН ВАДИМ  Голос сердца,14880,55
БЕН 10. ИНОПЛАНЕТНАЯ СВЕРХСИЛА ВЫП.2 ВРЕМЯ ПОДВИГОВ,8790,40
КЛАССИКА  Liszt Ferenc  Piano Concertos 1 & 2,12509,55
DEPECHE MODE  101  2CD,2579,55
МОНСТРЫ НА ОСТРОВЕ 3D,14756,40
Футболка The Evil Within Brain S,21254,61
Шапка Batman Classic Logo,21949,61
ОТВЕРЖЕННЫЕ,16670,40
"Alien: Isolation (предзаказ) [PC, Цифровая версия]",1383,31
Акунин Борис  Алмазная колесница  2CD (mp3-CD) (digipack),8460,43
"Игра по правилам дорожного движения 2012 [PC, Jewel]",12111,30
DEPECHE MODE 101 (Фирм.),2617,56
СЕКСУАЛЬНЫЕ ХРОНИКИ ФРАНЦУЗСКОЙ СЕМЬИ,18616,40
"Искусство войны. Корея [PC, Цифровая версия]",12227,31
Л.Р.К. ФАИНА РАНЕВСКАЯ. ТОМ 1 (регион),13781,40
SMOKIE  Gold  1975-2015  40th Anniversary Edition  2CD,6311,55
ЛЕГО. ФИЛЬМ (регион),13827,40
"Call of Duty. Ghosts Standar t+ Call of Duty: Black Ops II [PC, Цифровая версия]",2265,31
Зефирные наклейки Сказка белоснежка арт.ТMS001,11839,66
"1С:Познавательная коллекция. Почемучка. Выбираем профессию [PC, Цифровая версия]",735,78
Xbox 360 Kinect (Сенсор) (LPF-00024),7955,6
"The Elder Scrolls V: Skyrim. Legendary Edition [PC, Цифровая версия]",6959,31
"ЁЛКИ 1,2,3 (BD)",8072,41
КОРАЛЛОВЫЙ РИФ: ОХОТНИКИ И ЖЕРТВЫ,12774,40
"Eplay. Самые увлекательные игры. Секреты семьи Флакс 2. Вверх по кроличьей норе [PC, Jewel]",3213,30
"БЕРСЕРК: Ангхейм: Начальный набор ""Братство Огня"", арт. 1975",8813,65
КИНГ КОНГ (BD),12459,37
FARMER MYLENE  Monkey Me,3286,55
"Penguins of Madagascar: Dr. Blowhole Returns Again! [PS3, русская документация]",5743,19
"Naruto Shippuden Kizuna Drive (Essentials) [PSP, английская версия]",5198,21
ЗАБОЙНЫЙ РЕВАНШ,11570,40
ЛУНТИК. ЁЛОЧКА,13988,40
"ВАЛЕРИЯ  Песни, которые вы полюбили  Best Of 2003-2010  1",9561,55
"Инквизитор. Тайна мертвого города [PC, Цифровая версия]",12202,31
Настольная игра Набор азартного игрока,16185,64
"Игромания. Выбор редакции. Hitman 2: Бесшумный убийца [PC, Jewel]",12140,30
ФИКСИКИ. ЛЮБИМЫЕ СЕРИИ ПРОФЕССОРА ЧУДАКОВА (регион),20259,40
БРИЛЛИАНТОВАЯ РУКА (Регион),9048,40
50 CENT  Animal Ambition  An Untamed Desire To Win,1087,55
"X-Men Destiny [PS3, русская документация]",7873,19
Шапка Minecraft Creeper Face зеленая S/M,21956,61
Handy Backup Professional 2013 (box) (1 лиц.),3843,75
СБ. Disco Дача,18218,55
"Набор кружек Star Wars Darth Vader, Stormtrooper, Boba Fet, Chewbacca (280 мл)",15889,69
МАША И МЕДВЕДЬ. КАРТИНА МАСЛОМ (26-29 серии),14433,40
БАБЕЛЬ И. Избранные рассказы МР3,8574,43
"The Bureau: XCOM Declassified - Легкий пистолет-плазмер [PC, Цифровая версия]",6934,31
ГЕРМАН АННА  Будьте счастливы,10388,55
ДЕТЯМ  Ударцев Виктор  Детский праздник  Танцуй и пой,10934,55
СБ. В гармонии с собой  Целебная музыка,18280,55
ДНЕВНОЙ СВЕТ (BD),11105,37
Тальков И. Только лучшее (mp3-CD) (Jewel),19922,57
"Silent Hill HD Collection [PS3, английская версия]",6448,19
Квадрокоптер  CX-30,13110,62
"Игрушка детская ""Сердитые Птички Космос"", игрушка-фонарик, лазер",12163,70
"Murdered: Soul Suspect [Xbox One, английская версия]",4966,24
SUPERMAX  Best Of  CD+DVD (фирм.),6366,56
Пелевин Виктор  Batman Apollo (mp3-CD) (digipack),17591,43
"Онлайн-доступ к материалам по русскому языку для 5–11 кл. (на 1 год)   [PC, Цифровая версия]",16815,78
МАШИНА ВРЕМЕНИ  Лучшие песни 1979-1985 (фирм.),14471,55
DJ Samples Library. Euro. Dance vol. 2 (Jewel),2644,77
"Онлайн-доступ к мат. для 5 кл.по пр: рус яз, матем., ист. естествозн. (на 1 год[PC, Цифровая версия]",16799,78
ИНКАССАТОРЫ,11986,40
СУПЕРМЕНЕДЖЕР (BD),19213,37
"Новый Человек-паук [Xbox 360, русская версия]",16337,23
"CLAPTON, ERIC One More Car, One More Rider DVD",2171,59
"Eplay. Самые увлекательные игры. Мегаплекс! Ни дня без премьеры [PC, Jewel]",3211,30
КОРПОРАЦИЯ МОНСТРОВ/СУПЕРСЕМЕЙКА (BD),12821,37
"Uncharted: Натан Дрейк. Коллекция [PS4, русская версия]",7223,20
"No More Heroes: Heroes Paradise [PS3, английская версия]",5293,19
1С:Аудиокниги. Лингафонный курс английского языка для начинающих   [Цифровая версия],291,44
Модель WOT Танк ИС-7 1:100,15164,69
Альбом для карт Pokemon Чеспин Фенекин и Фроки,8504,65
Победители. Солдаты великой войны,17651,77
"Disney. Infinity 2.0 (Marvel). Персонаж ""Веном""",2862,25
"6 ДНЕЙ, 7 НОЧЕЙ wd",1092,40
ДЕТЯМ  Спят усталые игрушки,10933,55
КОЛОМБИАНА,12712,40
ДЖОН КАРТЕР (3D BD+BD),11029,38
СНЕЖНАЯ КОРОЛЕВА (3D+2D),18919,40
КОРОЛЕВА БЕНЗОКОЛОНКИ (регион),12781,40
ЗА СПИЧКАМИ (регион),11568,40
"F1 2011 [PS Vita, английская версия]",3261,22
HOOKER JOHN LEE  I'M John Lee Hooker + 4 Bonus Tracks 180 GRAMM LP,3820,58
СБ. Тайны галактики  Relax Series  CD+DVD,18468,55
МОРСКОЙ БОЙ,14776,40
ВЕЛИКИЙ БАК ХОВАРД,9778,40
"Неокуб, 7мм, Альфа 216, Золотой",16321,67
ПУАРО. Сезон 6,17517,40
АРИЯ  Легенды русского рока  2 (фирм.),8355,55
ПОКА ТЫ СПАЛ wd,17188,40
"БОЛЬШЕ, ЧЕМ ЛЮБОВЬ (BD)",8979,37
САМЫЙ ЛУЧШИЙ ФИЛЬМ 3-ДЭ (DVD+BD),18161,40
Мягкая игрушка So So Happy Синий монстрик 30см,15311,63
УТИНЫЕ ИСТОРИИ. СЕЗОН 1. ДИСК 5,20116,40
"Batman: Аркхем Сити Day One Edition. Специальное издание для 1С Интерес (с поддержкой 3D) [PS3, русс",1805,19
"3D Сфера-Пазлы ""Ночник"" Сова",1063,67
ПЕРСИ ДЖЕКСОН И ПОХИТИТЕЛЬ МОЛНИЙ (BD),16987,37
NAZARETH  The Anthology  2CD,4982,55
НОВЫЙ ЧЕЛОВЕК ПАУК: ОХОТНИКИ ЗА ПАУКОМ м/ф (Регион),15773,40
1С:Аудиотеатр. Гофман Э.Т.А. Щелкунчик (с участием В.Гафта) (Digipack),423,45
"Loco Roco (Essentials) [PSP, русская документация]",4484,21
ПЕРЕГОВОРЩИК (регион),16966,40
ГРАЖДАНСКАЯ ОБОРОНА  Новая коллекция  1,10506,55
QUEEN  Queen  LP,5953,58
MICHAEL GEORGE  Symphonica  2LP,4629,58
Office Home and Student 2010 32-bit/x64 Russian DVD Bundle,5377,75
ИВАН ЦАРЕВИЧ И СЕРЫЙ ВОЛК (регион),11899,40
ГРАВИТАЦИЯ (3D BD+BD) ж/б,10499,41
"Titanfall. Season Pass [PC, Цифровая версия]",7026,31
"Hello, 1C! Пример быстрой разработки приложений на 1С:Предприятие 8.3. Версия 3[Цифровая версия]",3860,54
Футболка Fallout Thumbs Up S,21111,61
ДЖОК (DVD+3D BD),11026,40
"PRESLEY, ELVIS Elvis 75  3CD (Фирм.)",5548,56
ЗНАКОМСТВО С ФАКЕРАМИ (Регион),11741,40
Фигурка Predator Masked Predator Reaction 10см,20680,72
ВЕСНА НА ЗАРЕЧНОЙ УЛИЦЕ (регион),9842,40
МОНСТРЫ НА КАНИКУЛАХ,14752,40
"Disney. Infinity 2.0. Персонаж ""Стич""",2885,25
"Ridge Racer [PS Vita, английская версия]",6148,22
"Sims 3: Студенческая жизнь [PC, русская версия]",6501,28
СБ. Трансмиссия  Mixed By Dj Feel,18488,55
"FIFA 11 [PSP, русская версия]",3310,21
Л.К. ГАРОЛЬД ЛЛОЙД Т.1,13758,41
СБ. Дискотека Раша (mp3-CD) (jewel),18316,57
МАШЕНЬКА И МЕДВЕДЬ (регион),14464,40
"Фигурка Starcraft Premium Series 1 Jim Raynor 7.5""",20804,72
ЛЮБОВЬ И ПРЕДАТЕЛЬСТВО (DVD+BD),14071,40
ЗАЩИТНИК (регион),11647,40
АФРИКА (3D BD),8425,38
IRON MAIDEN  The Book Of Souls  3LP,3919,58
SANDRA  Stay In Touch,6206,55
PROMT Standard 9.0 а-р-а  (BOX),5567,75
Базовый английский  2 ступень  Самоучитель  2CD (mp3-CD) (DVD-Box),9172,43
"Книга ""1С-Битрикс: строим профессиональный сайт и интернет-магазин (+CD)"" Басыров Р.",13176,49
НЕСНОСНЫЕ БОССЫ,15682,40
ЧЕЛОВЕК НОЯБРЯ,21627,40
БЛУДЛИВАЯ КАЛИФОРНИЯ. СЕЗОН 3,8922,40
КОД ДОСТУПА КЕЙПТАУН (регион),12628,40
"1С:Коллекция игрушек ""В тылу врага 2"" [PC, Цифровая версия]",503,31
СЛЕДОПЫТ (BD),18747,37
ИСТОРИЧЕСКИЕ ФИЛЬМЫ (4DVD),12053,41
Planet mp3. Звуки природы (mp3-CD) (Jewel),5804,57
"BioShock Infinite. Premium Edition [Xbox 360, английская версия]",1943,23
1С:Аудиокниги. Живые книжки. Сказки - малышки,247,45
КРОШКА ИЗ БЕВЕРЛИ-ХИЛЛЗ/КРОШКА ИЗ БЕВЕРЛИ ХИЛЛЗ 2 (2 DVD),12950,40
СМЕШАРИКИ  ФУТБОЛ  ПОДАРОК ДЛЯ МАМЫ,18865,40
1С:Деньги 8,491,73
ТЕМНЫЙ РЫЦАРЬ (регион),19633,40
BLIND GUARDIAN Nightfall In Middle-Earth (Фирм.),1719,56
СБ. Горячая 20-ка  Осень-Зима  2011-2012,18299,55
ПИРАТЫ КАРИБСКОГО МОРЯ (КОЛЛ. 8 DVD) wd,17068,41
ДИКИЕ СЕДЦЕМ (BD),11075,37
НА ИГЛЕ (регион),15535,40
МАДАГАСКАР: ЛЮБОВНАЯ ЛИХОРАДКА,14265,40
ГОЛОДНЫЕ ИГРЫ. СОЙКА ПЕРЕСМЕШНИЦА Часть 1  (BD),10454,37
Значки Minecraft 4-Pack,11876,61
Белянин Андрей  Дело трезвых скоморохов (mp3-CD) (Jewel),9224,43
СЕДЬМОЙ СЫН (3D BD),18571,38
УТОМЛЕННЫЕ СОЛНЦЕМ 2. ЦИТАДЕЛЬ (регион),20121,40
Кружка WOT Бурда Керамическая 425мл (101525),13696,69
KENNY G  Heart And Soul,4072,55
Большие гелевые наклейки любовь,9289,66
НЕ МОЖЕТ БЫТЬ (rem),15609,40
СБ. Звезды советской эстрады  Хиты 70-80-х,18320,55
SANDRA Reflections - The Reproduced Hits (фирм.),6210,56
V/A Trance Collection  Танцевальный рай (mp3-CD) (jewel),7484,57
СБ. Музыка.Ру  20,18388,55
МАША И МЕДВЕДЬ  До новых встреч!,14421,40
ЧЕРЕПАШКИ-НИНДЗЯ,21669,40
"L.A. Noire [PC, Цифровая версия]",4279,31
"Мягкая игрушка СПОКОЙНОЙ НОЧИ, МАЛЫШИ Степашка 23 см. МУЗ.",15462,63
"Крэш: Битва титанов (Essentials) [PSP, русская версия]",13735,21
МАЧЕТЕ  Мачете,14410,55
"Watch_Dogs [PS4, русская версия]",7792,20
ЗФОК ШПИОНСКИЙ ДЕТЕКТИВ,11807,41
ЦВЕТЫ  40 лет  Юбилейный концерт  DVD (фирм.),21529,59
Need for Speed Shift (X-Box 360) (DVD-box),5252,23
КРУТОЙ ИГОРЬ  Инструментальная музыка  Grand Collection,12988,55
Собака Рекс,19418,62
ИНДЮКИ: НАЗАД В БУДУЩЕЕ,11983,40
1С:Аудиокниги. Верн Ж. Дети капитана Гранта,199,45
АВГУСТ. ВОСЬМОГО (регион),8103,40
Компл.вопр.серт.экзам.1С:Профессионал по технологическим вопросам (1С-Паблишинг),13387,49
NERO 2014 Multimedia Suite Platinum BOX,5019,75
V/A Диско 80-х  Итальянские хиты,7513,55
ЖИЛА БЫЛА ОДНА БАБА (DVD+BD),11503,40
CLAPTON ERIC  Forever Man  Best Of  2CD,2152,55
"Dishonored Game of the Year Edition [PC, Jewel, русские субтитры]",2830,30
КЛЮЧ САЛАМАНДРЫ (BD),12594,37
В КРАЮ КРОВИ И МЁДА,9492,40
Агеев М.  Роман с кокаином (mp3-CD) (digipack),8439,43
МУЛЬТФЕЙЕРВЕРК,14881,41
ВВС:НЕИЗВЕСТНАЯ АФРИКА,9685,40
"Mercenaries 2 World in Flames [PC, Цифровая версия]",4824,31
"МТГ(РУС): Возвращение в Равнику: Бустер, арт.627362",14834,65
COHEN LEONARD  The Essential  2CD,2195,55
Мягкая игрушка СОЮЗМУЛЬТФИЛЬМ Буратино,15436,63
SAVAGE  Tonight  Ultimate Edition  LP,6224,58
Комикс Огонь и камень Чужой против Хищника,13287,47
Футболка Assassin's Creed Syndicate Evie Frye M,21001,61
КОЛОМБИАНА (регион),12714,40
УНИВЕРСИТЕТ МОНСТРОВ+КОРПОРАЦИЯ МОНСТРОВ (2 В 1),20092,40
Акунин Борис  Огненный перст (mp3-CD) (digipack),8482,43
SpongeBob Squarepants: the Yellow Avenger (Essentials) [PSP],6715,21
"УСПЕНСКАЯ ЛЮБОВЬ  Лети, моя девочка, лети",20106,55
"Набор для покера ""Standard"" 300 фишек (11,5 г.) в алюминиевом кейсе PR 301",15863,64
Outpost Firewall Pro (box) (пожизненная лицензия на 3ПК),5414,75
"Уличные бойцы. Бей первым [PC, Jewel]",20148,30
"Билет ""ИгроМир 2015"" - 2 октября 2015 [Цифровая версия]",9246,80
КРЕСТНЫЙ ОТЕЦ,12909,40
"1С:Образовательная коллекция. Информатика, 1 класс [PC, Цифровая версия]",585,78
"StarCraft II: Wings of Liberty [PC, Jewel, русская версия]",6740,30
Игрушка/ЕЗДУЛЯ,12176,69
Фигурка Adventure Time High-Five Finn (6см),20341,72
ARABESQUE  Friday Night  Deluxe Edition  LP,1297,58
Зажим для денег (Бэтмен),11816,69
А-СТУДИО  Волны,8088,55
КАНИКУЛЫ ГУФИ м/ф wd,12393,40
"Darkness II. Специальное издание [PC, русская версия]",2710,28
ЦЕНТУРИОН (регион),21550,40
"Kaspersky Anti-Virus 2015 Russian Edition. 2-Desktop 1 year Renewal Retail Pack[PC, Цифровая версия]",4139,76
"Disney. Infinity 2.0. Персонаж ""Мерида""",2884,25
МОЙ ПАРЕНЬ АНГЕЛ,14725,40
СТРАСТИ ДОН ЖУАНА,19126,40
Набор фигурок Adventure Time Marceline and Finn 2в1 (6см),15912,72
PINK FLOYD  The Wall  Original Recording Remastered  2CD (фирм.),5500,56
"Call of Duty. Ghosts [PS3, русская версия]",2267,19
СУПЕР МАЙК,19203,40
КРЕСТНЫЙ ОТЕЦ. КОЛЛЕКЦИЯ (3DVD),12917,41
БАРБИ В РОЛИ ПРИНЦЕССЫ ОСТРОВА (Регион),8616,40
ZL007 Лазерные наклейки Аниме 1,8025,66
1С:Образовательная коллекция. Профессор Хиггинс. Русский без акцента! Версия 6.5 (Jewel),640,77
"Disney. Infinity. Персонаж ""Анна""",2893,25
"ТРОЕ В ЛОДКЕ, НЕ СЧИТАЯ СОБАКИ + СЛОМАННАЯ ПОДКОВА",19857,40
АГАТА КРИСТИ  Эпилог  LP,8122,58
"Фигурка Assassin's Creed Series 3 Arno Dorian 6""",20398,72
RAMMSTEIN  Volkerball  CD+DVD,6011,55
"Журнал Linux Format, Август 2013",11548,75
"Секреты проф.работы с 1С:ЗУП 8. Расчеты по оплате труда. 2 изд. Е.Грянина,С.Харитонов",19346,49
Лицензия 1С-Битрикс: Управление сайтом - Эксперт,14173,75
СВАДЬБА В МАЛИНОВКЕ (BD),18529,37
DEEP PURPLE In Rock - 25th Anniversary Edition (фирм.),2561,56
"Disney. Infinity. Стартовый набор [PS3, русская версия]",2915,19
Брелок Minecraft Diamond Sword (железн),9358,70
2 СТВОЛА (регион),936,40
"Маша и Медведь. Активные игры [PC, Jewel, русская версия]",15004,30
CREEDENCE CLEARWATER REVIVAL  Pendulum  LP,2232,58
"Movavi Photo Suite. Персональная лицензия (Movavi) [PC, Цифровая версия]",4921,76
ЛЕДНИКОВЫЙ ПЕРИОД 3. ЭРА ДИНОЗАВРОВ (2dvd) (ХХси),13846,40
Высоцкий Владимир  В записях Михаила Шемякина  1 (mp3-CD) (jewel),10281,57
ДЖУНГЛИ (регион),11044,40
Трое из Простоквашино. Дядя Федор идет в школу (Jewel),20013,30
LADY GAGA  Artpop,4285,55
Гиппенрейтер Ю.Б. Введение в общую психологию (mp3-CD) (digipack),10594,43
Сборник. Руки вверх  4 (mp3-CD) (jewel),19316,57
АГАТА КРИСТИ. ЗАГАДОЧНЫЕ УБИЙСТВА : УБИЙСТВА НА СЕМЕЙНОМ ВЕЧЕРЕ,8126,40
Футболка Worms Taste my Bazooka зеленая S,21313,61
"Sims 3. Сверхъестественное (дополнение) [PC, русская версия]",6490,28
СУМАСШЕДШАЯ ЕЗДА WB (BD),19183,37
САМЫЙ ПЬЯНЫЙ ОКРУГ В МИРЕ,18164,40
"ДОРОГАЯ, Я УМЕНЬШИЛ ДЕТЕЙ  wd",11192,40
ПРИНЦЕССА ДЕ МОНПАНСЬЕ,17414,40
АКВАРИУМ  День серебра  LP,8174,58
КРИК ЗВЕРЯ,12922,40
СПАРКЛ (BD),19013,37
"Shadowrun Returns [PC, Цифровая версия]",6423,31
"ПОЙМАЙ ТОЛСТУХУ, ЕСЛИ СМОЖЕШЬ (BD)",17182,37
"Искусство войны. Курская дуга [PC, Цифровая версия]",12228,31
MOBY  Go - The Very Best Of Moby,4645,55
1С:Аудиокниги. Куприн А.И. Гранатовый браслет,278,45
"Фигурка Aliens Series 2 Xenomorph 7""",20366,72
ПРИКЛЮЧЕНИЯ МЫШОНКА,17382,40
ПУШИСТЫЕ ПРОТИВ ЗУБАСТЫХ (3D BD),17562,38
"1С:Аудиокниги. Стокер Брэм. «Граф Дракула»  [PC, Цифровая версия]",383,44
ТЭСС (2DVD),19917,40
Йо-йо AERO Lightning Metal Line,12274,62
"Call Of Duty: Modern Warfare 3. DLC ""Коллекция 1"" (code in box) [PC]",2255,28
Коллекция монет банка Гранготтс (Гарри Поттер),13202,69
ЛУЧШЕЕ ПРЕДЛОЖЕНИЕ (BD),14020,37
CENTR  Эфир в норме,2111,55
ВЫСОЦКИЙ В. Кинохроника: Баллада О Времени DVD,10128,59
БАРБИ И ПОТАЙНАЯ ДВЕРЬ (BD),8626,37
"Metal Gear Solid V: The Phantom Pain [Xbox One, русские субтитры]",4842,24
МЕГАКОЛЛЕКЦИЯ. ИСТОРИЧЕСКИЕ-2 (4 BD),14493,41
ЗДК ДОКТОР АЙБОЛИТ,11680,41
Набор фигурок Sonic 6в1 Sonic Classic Pack 6см,15922,72
АНОНИМ (регион),8319,40
Сумка The Beatles Jump Silver On Black,19498,61
ПТИЧКА НА ПРОВОДЕ,17504,40
"Фигурка Iron Maiden Eddie Trooper Head Knocker 7""",20572,72
"Rayman Origins (Essentials) [PS3, русская версия]",6091,19
РАБА ЛЮБВИ (rem),17757,40
АКВАРИУМ +ПОЛЕТ БАБОЧКИ (3D BD+BD),8192,38
SHOCKING BLUE  At Home  LP,6275,58
ЗЛО (BD),11728,37
БАСТА  3,8685,55
Белянин Андрей  Летучий корабль (mp3-CD) (Jewel),9229,43
"Call Of Duty: Modern Warfare 3 [PC, Jewel]",2252,30
ЗНАКОМСТВО С ФАКЕРАМИ 2 (BD),11743,37
"Путешествие в парк развлечений [PC-CD, Jewel]",17753,30
ДЕВУШКА ПО ВЫЗОВУ (Регион),10798,40
WINX CLUB. ШКОЛА ВОЛШЕБНИЦ 20: ПОСЛЕДНЯЯ БИТВА (регион),7685,40
Фигурка Миньон Кевин с желе-пистолетом,20918,72
LOS QUATRO DE LA SALA  Tango Manjar,4447,55
PINK FLOYD  Ummagumma  Original Recording Remastered (фирм.),5503,56
"Sims 3. Шоу-бизнес Limited Edition (дополнение) [PC, русская версия]",6494,28
V/A Lounge Paradise  Santorini,7395,55
KINGSMAN: СЕКРЕТНАЯ СЛУЖБА (DVD+BD),4085,40
БАСТА  К тебе,8689,55
"Carrier Command. Gaea Mission [Xbox 360, английская версия]",2350,23
"Tomb Raider [PC, Jewel, русская версия]",7070,30
FREESTYLERS  The Coming Storm,3388,55
1С:Аудиокниги. Гоголь Н.В. Записки сумасшедшего [Цифровая версия],217,44
СЛУЖЕБНЫЙ РОМАН (регион),18761,40
КОЗЛОВ АЛЕКСЕЙ & АРСЕНАЛ  Посвящения  2CD (фирм.),12636,55
МИРАЖ  18 лет  1,14628,55
"Uncharted 3. Иллюзии Дрейка (с поддержкой 3D) [PS3, русская версия]",7216,19
Фигурка Heroes Of The Storm Illidan 17см,20560,72
Фигурка Assassin's Creed IV Black Flag Edward Kenway The Assassin Pirate 22см,20387,72
АДРЕНАЛИН 2: ВЫСОКОЕ НАПРЯЖЕНИЕ (BD),8145,37
АЛАДДИН И КОРОЛЬ РАЗБОЙНИКОВ м/ф wd,8197,40
АРТЕМЬЕВ ЭДУАРД  Зеркало и Сталкер  Музыка к фильмам Андрея Тарковского  LP,8373,58
ЦАРСТВО НЕБЕСНОЕ (2dvd) (жел. бокс),21522,41
ДЖОРДЖ КЛУНИ,11037,41
Настольная игра Падающая башня Миомбо WWF985,16195,64
OSBOURNE OZZY  Scream,5332,55
ФОРСАЖ 4 (BD),20297,37
Комплект «Sony PS3 (320 GB) (CECH-2508B)» + игра «God of War 3 (Platinum)» + игра «Uncharted 2 (Plat,13469,11
Need for Speed Shift 2 Limited Edition (PS3),5254,19
СЛАВНЫЕ ПАРНИ  WB (регион),18744,40
PS3: Кабель HDMI Artplays 2 м (ver. 1.4) блистер,5621,2
"FIFA 10 (Classic)  [PC, русская версия]",3302,28
КОРОЛИ УЛИЦ (BD),12789,37
Мялка-антистресс Cut the Rope пенная 15 cм.,15521,70
"Фигурка Avengers Iron Man Mark XXI Midas Version Gold Armor 1/4 Scale 18""",20410,72
Nanoblock Большой замок Deluxe,5099,67
1С:Познавательная коллекция. Почемучка. 300 самых интересных ответов на самые сложные вопросы. Исто,725,78
Л.Р.К. МАРИНА ЛАДЫНИНА (регион),13776,40
"Panda Internet Security 2013 (1 ПК, 3 года) [PC, Цифровая версия]",5709,76
Q ЗАГАДКА ЖЕНЩИНЫ,5925,40
НОЧНЫЕ СНАЙПЕРЫ  4 (фирм.),15808,55
БОЛЬШИЕ НАДЕЖДЫ (BD),8986,37
"Majesty 2. The Fantasy Kingdom. Вызов вампира. (Заклинания/Экшены) [PC, Цифровая версия]",4740,31
BRAXTON TONI  Pulse,1765,55
Кошелек Assassin's Creed Abstergo Industries,13583,61
DEPECHE MODE  Construction Time Again  Limited Edition  LP,2583,58
"LEGO Хоббит [Xbox One, русская документация]",4397,24
"Снайпер. Воин-призрак 2 [PC, Цифровая версия]",19416,31
ЖЕЛЕЗНАЯ ХВАТКА (BD),11443,37
"Split Second. Velocity [PC, Цифровая версия]",6712,31
"Фигурка World Of Warcraft Series 8 Brink Spannercrank Vs Kobold Snaggle 2-Pack 2"" & 4""",20899,72
КРЕМЕНЬ (регион),12897,40
"Aliens: Colonial Marines [PC, Jewel, русская версия]",1398,30
"Disney. Infinity 2.0 (Marvel). Стартовый набор [PS3, русская версия]",2876,19
"XOne: Стерео-гарнитура для Xbox One ""Зеленый камуфляж"" [5F4-00002]",7936,7
БЕЗРАЗЛИЧИЕ,8725,40
Набор для сборки машинки X1 Camo,15877,67
ДОКТОР ХАУС. СЕЗОН 6,11150,40
АМЕРИКАНСКИЙ ПИРОГ. ПЕРЕПОЛОХ В ОБЩАГЕ (регион),8270,40
TANKIAN SERJ  Harakiri (фирм.),6781,56
Настольная игра ALIAS Party 2-е издание арт. 53365,16012,64
СПЛИН  Гранатовый альбом (фирм.),19041,55
"Фигурка God Of War Kratos With Flaming Blades Of Athena 7""",20517,72
OST Twilight  Saga  Eclipse  The Score,5351,55
МОНСТРЫ НА КАНИКУЛАХ (BD),14754,37
WARHAMMER 40000 MINIATURES: Space Marines (малый набор) арт. 35-25,7602,64
БАРСКИХ МАКС  Z.Dance,8678,55
COLLINS PHIL  Going Back  LP,2202,58
FITZGERALD ELLA  Gold  2CD,3369,55
АРИЯ  Кровь за кровь  LP,8352,58
ДЕТЯМ  Шаинский Владимир  Белые кораблики,10943,55
ВВС:ЛЕГЕНДЫ О ЧУДОВИЩАХ 3,9675,40
КУНГ-ФУ ПАНДА (Регион),13038,40
ПРОСТЫЕ СЛОЖНОСТИ  (BD),17488,37
100 лучших мелодий против стресса (mp3-CD) (CD-Digipack),44,57
"Eplay Самые увлекательные игры. Кукловоды. Город-призрак [PC, Jewel]",3200,30
БИ-2  MP3 коллекция  3 (mp3-CD) (jewel),8857,57
"Command & Conquer 4: Эпилог [PC, jewel, русская версия]",2393,30
V/A Essential Chillout  Summer 2012  2CD (digipack),7348,55
УТРАЧЕННЫЙ СИМВОЛ,20122,40
УРАЛЬСКИЕ ПЕЛЬМЕНИ. КАК Я ПРОВЕЛ ЭТО + УРА. СТИПЕНСИЯ (регион),20101,40
ДДТ  Метель августа (фирм.),10782,55
"Европа III. Золотое издание [PC, Jewel, русская версия]",11420,30
Умный пластилин Скиф 80 г,20174,69
ЛИЦА В ТОЛПЕ,13950,40
SUNLOUNGER  Sunlounger – Balearic Beauty  2CD (digipack),6362,55
СКАЗКИ-НЕВЕЛИЧКИ сб. м/ф (регион),18726,40
Фигурка Карающий странник,20911,72
РЫЦАРЬ ДНЯ (BD),17999,37
PINK FLOYD  More  Original Recording Remastered (фирм.),5478,56
ГНЕВ ТИТАНОВ (3D BD+BD),10423,38
WEEKEND (регион),7650,40
"South Park: Палка Истины [PC, Цифровая версия]",6688,31
Фигурка Skyrim Dovahkiin POP Games 10см,20760,72
"Far Cry 4. Полное издание [PS4, русская версия]",3458,20
Настольная игра Манчкин Пиратский,16162,64
KASABIAN  Velociraptor!,4068,55
СОКРОВИЩА АГРЫ (rem),18962,40
ЛЕГЕНДА (ХХкатВ),13806,40
Spy Toy. Be the Ultimate Agent (PS2) (DVD-box),6723,18
ПЕНА ДНЕЙ (регион),16944,40
ЙОГА ПРАНАЯМА. ОСНОВЫ ПРАНАЯМЫ,12246,40
"Call of Juarez: Картель Limited Edition [Xbox 360, русская версия]",2342,23
"БЕРСЕРК: Гибель Машин: Начальный набор ""Драконий Остров"", арт2038",8827,65
Футболка Halo 4 Savior L,21129,61
ВВС:КАК ЗЕМЛЯ СОТВОРИЛА НАС (2 BD),9665,37
МЭРАЙА МУНДИ И ШКАТУЛКА МИДАСА,14919,40
Плакат Skyrim Wallscroll Valley (77cm x 100cm),17637,61
Артбук Мир игры Assassin's Creed Syndicate,8546,42
ЗВЕЗДНЫЕ ВОЙНЫ. ЭПИЗОД 1-3 (колл.) 2013,11658,41
НЬЮ-ЙОРКСКОЕ ТАКСИ (BD),15840,37
Чехол URBAN TOOL slyDog national TR,21789,71
3D Crystal Puzzle Яблоко L Светильник,1035,67
"1С:Бухгалтерия 8 КОРП: учет в головной организации. Власова М.А., Харитонов С.А.",474,49
"Dragon Age II [PC, Цифровая версия]",3018,31
"NORTON MOBILE SECURITY 3.0 (1 устройство, 1 год) [PC, Цифровая версия]",5071,76
Фигурка Малефисента Малефисента,20915,72
"Final Fantasy Type-0 HD [PS4, английская версия]",3482,20
"Комплект ""Microsoft Xbox One 500GB (Day One Edition Green Box)"" + ""FIFA 15"" + ""Forza Motorsport 5""",13405,16
МОЙ БУДУЩИЙ ТЕСТЬ - АФЕРИСТ (регион),14703,40
1С:Аудиокниги. Салтыков-Щедрин М.Е. Господа Головлевы (Jewel),369,45
ПЕТЛЮРА  Золотой альбом,16992,55
Манга Моменты жизни Том 1,14964,47
ФУНКЦИОНАЛЬНАЯ АЭРОБИКА. ПРОДВИНУТЫЙ УРОВЕНЬ,20321,40
ДНЕВНИК МАМЫ ПЕРВОКЛАССНИКА,11097,40
ЛЕТО. ОДНОКЛАСНИКИ. ЛЮБОВЬ,13912,40
"Batman: Аркхем Сити. Коллекционное издание (с поддержкой 3D) [PC, русские субтитры]",1807,28
"Hard Reset [PC, Jewel, русская версия]",3848,30
MADONNA Immaculate Collection (Фирм.),4525,56
Dungeon Siege 3: Limited Edition (Xbox 360),3070,23
"WINEHOUSE, AMY I Told You I Was Trouble DVD DIGIPACK (фирм)",7676,59
УМОПОМРАЧИТЕЛЬНЫЕ ФАНТАЗИИ ЧАРЛИ СВУОНА ТРЕТЬЕГО. КИНО БЕЗ ГРАНИЦ,20081,40
"Мягкая игрушка Инопланетяне 10""",15359,63
Сборная модель WOT Танк Т-34-85 Масштаб 1:35 арт. 1394,19291,67
CORNELL CHRIS  Songbook,2222,55
Гоголь Н. В. Вечера на хуторе близ Диканьки. Вий. Тарас Бульба. Ревизор. Мёртвые души  6CD (mp3-CD),10609,43
ИСХОД: ЦАРИ И БОГИ,12081,40
ОБИТАЕМЫЙ ОСТРОВ. СХВАТКА (BD),16421,37
ВАЕНГА ЕЛЕНА  Концерт в День рождения  DVD,9547,59
ТРАНСФОРМЕРЫ ПРАЙМ. Сезон 1 (5DVD),19783,41
БЕГЛЕЦ WB,8700,40
"SolveigMM Video Splitter 3 [PC, Цифровая версия]",6649,76
ЛИНДА  Live,13934,55
ДИНОЗАВР: БОЛЬШАЯ ПЕРЕМЕНА (регион),11082,40
СПЛИН  25 кадр  LP,19036,58
"FIFA Street [PS3, английская версия]",3366,19
МОТЕЛЬ,14792,40
РУСАЛОЧКА:НАЧАЛО ИСТОРИИ АРИЭЛЬ М/Ф (регион),17982,40
2012 (Регион),945,40
"Need for Speed Hot Pursuit [PC, Цифровая версия]",5225,31
"Bestseller. Call of Duty [PC, Jewel]",1901,30
"Crysis 3. Hunter Edition [Xbox 360, русская версия]",2450,23
ОЛИВЕР И КОМПАНИЯ М/Ф (BD),16558,37
НЕСНОСНЫЕ БОССЫ 2 (BD),15685,37
ПУДРА WD,17528,40
"Веселая ярмарка (только для PS Move) [PS3, русская версия]",10235,19
Кружка Трансформеры 4 Герои керамическая 325мл,13724,69
ОКУЛУС,16553,40
ФЕИ 2: ПОТЕРЯННОЕ СОКРОВИЩЕ (регион),20218,40
КИПЕЛОВ  Жить вопреки,12483,55
БЁРДМЭН (BD),8570,37
"ABC/ABM/ABB - методы и системы. В.А.Ивлев, Т.В.Попова. Изд.2",1192,49
OST The Artist,5345,55
"Iron Front. Освобождение.1944 [PC, русская версия]",3947,30
Minions Летающий герой,4874,72
3D Пазл Инопланетяне (зеленый)/ 3D Puzzle Aliens Green Арт. 56472,1052,67
МЕЧТАТЕЛИ (регион),14582,40
КОРАЛЛОВЫЙ РИФ : ОХОТНИКИ И ЖЕРТВЫ (3D BD+BD),12770,38
"inFAMOUS: Второй сын. Collector’s Edition [PS4, русская версия]",8059,20
САРИЛА. ЗАТЕРЯННАЯ ЗЕМЛЯ,18175,40
"Dragon Age: Inquisition. Game of the Year Edition [PC, Цифровая версия ePay]",3023,31
3D Crystal Puzzle Яблоко L,1034,67
HARDCASTLE PAUL  The Chill Lounge 3 (digipack),3769,55
AC/DC  No Bull  The Directors Cut  DVD,1227,59
Diablo III. Комплект предварительного заказа [Xbox 360],2812,23
"Wildlife Park 3 [PC, Jewel]",7811,30
ДЕЛАЙ НОГИ 2,10826,40
"Assassin's Creed IV. Черный флаг. Special Edition [PS3, русская версия]",1512,19
ПРИВЕТ ОТ КАТЮШИ,17325,40
Манга Нахальный принц и кошка-несмеяна Том 4,14970,47
ФАКУЛЬТЕТ (BD),20204,37
Водная стихия (mp3-CD) (Jewel),10252,57
"1С:Образовательная коллекция. Английский язык? Запросто! Буквы, цифры, первые слова [PC, Цифровая ве",563,78
"Need for Speed The Run [PC, Цифровая версия]",5259,31
Xbox 360 320 ГБ+Halo 4 Special Edition (S4K-00077),7945,15
Настольная игра Имаджинариум Дополнение Пандора,16117,64
ЛЮДИ Х: НАЧАЛО. РОСОМАХА (BD),14137,37
Навител. Пакет карт Восточная Европа + Россия [Цифровая версия],15957,76
FOOLS GARDEN  Who Is Jo King?,3383,55
"Metal Gear Solid V: The Phantom Pain. Коллекционное издание [PS4, русские субтитры]",4843,20
DEPECHE MODE Touring The Angel DVD (Кир.),2621,59
ЛЮДИ Х 1 (2DVD+BD) жел.бокс,14131,40
ДЖИЛЛИАН МАЙКЛС: ПЛОСКИЙ ЖИВОТ ЗА 6 НЕДЕЛЬ,11015,40
ГАРРИ ПОТТЕР И УЗНИК АЗКАБАНА WB(регион),10347,40
Футболка Payday 2 Wolf Mask XL,21198,61
Гиппенрейтер Ю.Б. Родителям: книга вопросов и ответов (mp3-CD) (digipack),10596,43
СЧАСТЛИВЧИК (2012)+ДНЕВНИК ПАМЯТИ,19239,40
ПРИХОДИТЕ ЗАВТРА (BD),17439,37
"Borderlands 2. Набор «Превосходство ассасина» [PC, Цифровая версия]",2020,31
Футболка Watch Dogs Skull  XL,21283,61
Powerball 250 Hz Regular Amber (PB - 188 Amber),5871,62
DEEP PURPLE  Machine Head  2CD,2528,55
"Компл.вопр.серт.экзам. по подсистеме МСФО 1С:Пр.8.УПП (ред.1.2, МСФО-2007), сент.2007г.",13365,49
"MCCARTNEY, PAUL In Red Square (Фирм.)",4591,59
БРЕСТСКАЯ КРЕПОСТЬ э. (BD),9038,37
КРИСТАЛИНСКАЯ МАЙЯ  Нежность  Мелодия Легенды (фирм.),12931,55
СБ. Музыкальный подарок  Любимой женщине (mp3-CD) (Digipack),18390,57
"Фигурка Bioshock 2 Ladysmith Splicer and Crawler Splicer 2-Pack 7""",20429,72
BLACK EYED PEAS  The Beginning,1684,55
Мягкая игрушка Plants vs Zombies ГорохоСтрел 30 см.,15297,63
"Sniper Elite 3 [Xbox 360, русская версия]",6631,23
"Disney. Infinity. Персонаж ""Миссис Исключительная""",2905,25
SCHERZINGER NICOLE  Killer Love,6228,55
"Julia. Дело невинных глаз [PC, Jewel, русская версия]",4043,30
Головоломка Мрамор****/ Cast Marble**** Арт. 473759,10669,67
"Wasteland 2 [PC, русская версия]",7780,30
ХОДОРКОВСКИЙ (регион),21391,40
DIRE STRAITS  The Studio Albums 1978-1991  8LP,2638,58
НА ГРАНИ  (BD),15530,37
"Final Fantasy X/X-2 HD Remaster [PS4, русская документация]",3486,20
ЛАЗАРЕВ СЕРГЕЙ  Лазарев,13789,55
ДЮНА,11263,40
"The Sims 3. Вперед в будущее (Дополнение) [PC, Цифровая версия]",6987,31
"Меч и Магия. Герои 6 [PC, Jewel, русская версия]",15060,30
КОЛЛЕКЦИОНЕР (DVD+BD),12649,40
OST Twilight  Saga  Breaking Dawn  2,5350,55
ВАЕНГА ЕЛЕНА  The Best  LP,9542,58
"Управление документами: быстро, эффективно, своими силами. На примере ""1С:Документооборота 8""  [Цифровая версия]",20183,54
"WWE 2K15 [Xbox One, русская документация]",7726,24
"1С:Познавательная коллекция. ПДД 2014. Теория и практика [PC, Цифровая версия]",718,78
НОЧЬ В СУПЕРМАРКЕТЕ,15819,40
Головоломка Lonpos Cosmic Creature,10613,67
ЧИП И ДЕЙЛ СПЕШАТ НА ПОМОЩЬ. СЕЗОН 1. ДИСК 3,21729,40
ГНОМЕО И ДЖУЛЬЕТТА (BD),10432,37
ЧЕМПИОН  WD (регион),21659,40
Слинки пластик Неон - 2х-цветная пружинка,19367,62
БЕРСЕРК: Берсерк Буря стихий арт. 1136,8816,64
"Dead Island. Полное издание [PS3, английская версия]",2734,19
ОРЛЕАН,16601,40
Кружка WOT Снайпер Керамическая 425мл (101522),13706,69
"Naruto Shippuden: Ultimate Ninja Storm 3 True Despair [PS3, английская версия]",5211,19
Наклейки одевайка цветы арт.WMS008,15984,66
Брелок Minecraft (blind-bag) Серия 2 в ассортименте,9356,70
Комикс Книги магии,13259,47
Баста (mp3-CD) (jewel),9189,57
ВСЁ И СРАЗУ,10075,40
ГОЛАЯ ПРАВДА (Регион),10444,40
БРОНЗОВАЯ ПТИЦА (регион),9050,40
ЦЫГАНОВА ВИКА  Романсы,21570,55
V/A Звуки природы с музыкой  Platinum Collection (mp3-CD) (jewel),7515,57
ВАЕНГА ЕЛЕНА  The Best  2CD+DVD,9541,55
SADE  The Ultimate Collection  2CD,6202,55
ТЕРМИНАТОР 2: СУДНЫЙ ДЕНЬ (регион),19652,40
МУЛЬТЯШКИ В КАРМАШКЕ: ЗВЕРЮШКИ-ДОБРЮШКИ,14885,40
HARRISON GEORGE  All Things Must Pass  3LP,3776,58
МАДАГАСКАР 3 (BD),14264,37
Nanoblock Замок Нойшванштайн,5115,67
Настольная игра Монополия Сделка Карточная игра арт. 01723,16181,64
"Return to Castle Wolfenstein [PC, Цифровая версия]",6145,31
СБ. Народный хит  Песни проверенные временем  3 (mp3-CD) (jewel),18393,57
"ABBYY Lingvo x6 Европейская Профессиональная версия Full (версия для скачивания) [PC, Цифровая версия]",1182,76
Хемингуэй Эрнест  Старик и море (mp3-CD) (Jewel),21480,43
"Космические рейнджеры HD. Революция [PC, Jewel, русская версия]",13572,30
СБ. Essential Music  Chakra,18221,55
МОЯ БОЛЬШАЯ ИСПАНСКАЯ СЕМЬЯ,14795,40
ВРАТА ДРАКОНА (BD),10059,37
"Настольная игра Зельеваренье: Подарочный набор, арт. 05-01-04",16107,64
Kaspersky Internet Security Multi-Device Russian Edition. 2-Device 1 year Base Box,4178,75
Д' АРТАНЬЯН И ТРИ МУШКЕТЕРА (регион),10710,40
АРИЯ  Ночь короче дня  LP,8359,58
Двигающиеся глазки олень,11299,66
"BEATLES, THE Luxusbox 16CD (фирм.)",1642,60
REA CHRIS The Very Best Of,6023,55
"Assassin’s Creed 3. Special Edition [PS3, русская версия]",1595,19
БЕЗУМНЫЙ СПЕЦНАЗ (BD),8739,37
Ускользающий мир,20190,30
ВВС:СКОЛЬКО ЛЮДЕЙ МОЖЕТ ЖИТЬ НА ЗЕМЛЕ?,9725,40
GENESIS  Genesis (фирм.),3585,56
"Call of Duty: Black Ops III [PS4, русская версия]",2323,20
ЧАСТНОЕ ЛИЦО 1-2 серии а,21609,40
1С:Аудиокниги. Веселые уроки для самых маленьких. Азбука и счет (Jewel),200,45
EVORA CESARIA  Anthologie,3165,55
"Skylanders Swap Force. Боевой набор: Bumble Blast, Knockout Terrafin, Fiery Forge",6534,25
ЧУДО-МЕЛЬНИЦА сб. м/ф (регион),21749,40
"PS4: Зарядный кабель Venom двойной для двух геймпадов, 3 м. (VS2794)",5662,3
РАНГО,17786,40
"Фигурка Team Fortress Series 1 BLU Demo Deluxe 7""",20828,72
"1С:Аудиокниги. Путеводитель. Санкт-Петербург. Исторический центр [PC, Цифровая версия]",345,44
"ЕШЬ,МОЛИСЬ,ЛЮБИ (BD)",11416,37
"Titanfall [Xbox One, русская версия]",7020,24
Мягкая игрушка МЕДВЕДЬ Девочка MILK с сердцем 15 см.,15383,63
LAST JAMES  Gold  Greatest Hits,4293,55
УЦЕЛЕВШИЙ (BD),20125,37
ФИКСИКИ. ВЫП. 3,20245,40
Кино. Диск 1 (mp3-CD) (Jewel),13118,57
КНИГА СУДНОГО ДНЯ (регион),12609,40
"Секреты проф.работы с 1С:Бух.8 (ред.3.0). УЧЕТ РАСЧЕТОВ ПО НДС. 4 изд. Харитонов С.А., Шерст О.В.",19341,49
НеоКуб 216 6мм сталь 5950116,16291,67
"Билет ""ИгроМир 2015"" - 2 октября 2015 (сайт) УПР [Цифровая версия]",9245,8
Разговоры за чайным столом  Рассказы корифеев юмора (mp3-CD) (Jewel),18014,43
КРЕМЕНЬ: ОСВОБОЖДЕНИЕ,12898,40
НАВСТРЕЧУ ШТОРМУ (регион),15546,40
CHEMICAL BROTHERS  We Are The Night,2127,55
KORN  Part Of Totality,4106,55
"КОЛЛЕКЦИЯ ПРИКЛЮЧЕНИЙ: ПРИНЦ ПЕРСИИ, ХРОНИКИ НАРНИИ1,2 (3DVD) wd",12690,41
"Компл.вопр.серт.экзам.1С:Документооборот 8 (ред.1.2), август 2013 (1С-Паблишинг)",13373,49
СТАРЫЙ НОВЫЙ ГОД (Регион),19099,40
PIAF EDITH  23 Unforgettable Songs  2LP,5453,58
ИГРЫ ПАТРИОТОВ  (регион),11935,40
ОРУДИЯ СМЕРТИ: ГОРОД КОСТЕЙ (BD),16604,37
ЛК ЛУЧШЕЕ: БЕРГМАН-ГАРБО-ДЕ ХЭВИЛЛЕНД,13952,41
ДУХLESS 2 (BD),11253,37
"James Cameron's Avatar: the Game (Classics) [Xbox 360, английская версия]",4034,23
ГОРНЫЕ МСТИТЕЛИ,10470,40
"Самые увлекательные игры. Секреты Лондона [PC, Jewel]",19274,30
ЖИТЕЛИ ОКЕАНОВ-1,11508,40
"Darkspore [PC, русские субтитры]",2724,30
Футболка Minecraft Creeper Anatomy синяя S,21172,61
СУКАЧЕВ ГАРИК  5:0 в мою пользу  2CD (фирм.),19168,55
"Etherium [PC, Цифровая версия]",3222,31
НЕИЗВЕСТНЫЙ (регион),15660,40
ПАРАНОРМАЛЬНОЕ ЯВЛЕНИЕ 2 par (BD),16879,37
ПРИГОВОР  (BD),17331,37
КНИГА МАСТЕРОВ (BD),12606,37
Комикс Штамм,13337,47
Футболка Half Life Lambda Logo S,21125,61
Мягкая игрушка-подушка WOT,15503,63
ТИТАНИК  2DVD,19671,40
"Фигурка DC Dynamics The Joker Statue 13.5""",20452,72
Фигурка TMNT Raphael,20826,72
ESET NOD32 Smart Security Business Edition 1Y RNW for 30 user,3142,75
"1С:Школа. Окружающий мир, 1-4 кл. Тесты",898,77
ZZ TOP  Fandango  LP,8030,58
"Total War: Rome II - Набор доп. материалов ""Культура кочевых народов"" [PC, Цифровая версия]",7104,31
"Bridge to English for Kids, выпуск 5 DVD",2053,77
"RailWorks 2 [PC, Jewel]",6067,30
ZZ TOP  Eliminator  LP,8029,58
"1С:Аудиокниги. Путеводитель. Париж [PC, Цифровая версия]",341,44
"Познер Владимир  Познер о ""Познере"" (mp3-CD) (digipack)",17672,43
ОСТРОВ СОКРОВИЩ  х/ф  1-2 серии (rem),16650,40
1С:Познавательная коллекция. Играем и учимся. Путешествие по Москве (Jewel),696,77
ЛАДОГА,13787,40
GUY BUDDY  Rhythm & Blues  2CD,3662,55
АФРИКА (регион),8426,40
ZF008 Воздушные блестящие наклейки Лягушки,8018,66
30 SECONDS TO MARS  A Beautiful Lie,971,55
Комплект «Sony PS3 Super Slim (500 Gb) (CECH-4008C)» + игра «Need for Speed: Most Wanted»,13487,11
Мягкая игрушка Обезьянка Апельсинка 40см,15411,63
Маска Friday The 13th Jason Mask Classic Video Game Appearance,14985,61
Настольная игра Pathfinder Возвращение рунных властителей  арт.1424,16047,64
"Смурфики 2 [PS3, английская версия]",19403,19
ЭКИПАЖ (rem),22022,40
АВАТАР (BD),8094,37
Наст.книга по оплате труда и ее расчету в прогр.1С:ЗУП8 (ред.2.5). Изд.9. С.А.Харитонов,15993,49
СПЯЩАЯ КРАСАВИЦА м/ф (регион),19058,40
"Eplay. Самые увлекательные игры. Магазинчик ужасов. Трагедия в Солнечной долине [PC, Jewel, рус.в.)",3210,30
Кружка ANGRY BIRDS желтая птичка 3D 300мл,13613,69
НЕВЕРОЯТНЫЕ ПРИКЛЮЧЕНИЯ КОТА (регион),15637,40
"Assassin's Creed. Сага о Новом Свете [PC, русская версия]",1534,28
"Фигурка Mortal Kombat Klassic Ermac 4""",20623,72
Микроробот Aqua Bot,15085,62
"Снайпер. Воин-Призрак 2. Коллекционное издание [PC, Цифровая версия]",19409,31
Мягкая игрушка Южный парк Кенни,15482,63
ЦЕЛЬ ВИЖУ,21540,40
"ДОБРО ПОЖАЛОВАТЬ, ИЛИ ПОСТОРОННИМ ВХОД ВОСПРЕЩЕН (rem)",11117,40
WARHAMMER ACCESSORIES: Citadel Hobby Starter Set арт. 60-26,7608,64
"Болек и Лёлек в городе пиратов [PC, Jewel]",9278,30
"Комплект «Invizimals: Зона теней (Essentials) [PSP, русская версия]» + «Камера PSP USB»",13461,21
ОБИТЕЛЬ ЗЛА.ЖИЗНЬ ПОСЛЕ СМЕРТИ/ПАСТЫРЬ/ЗЕЛЕНЫЙ ШЕРШЕНЬ (3D BD),16427,41
"Мягкая игрушка Angry Birds Star Wars 12,5см  ДАРТ ВЕЙДЕР",15249,63
GAROU  Gentleman Cambrioleur,3576,55
SUPERПЕРЦЫ (BD),6369,37
ФИЛОСОФЫ. УРОК ВЫЖИВАНИЯ,20276,40
Кружка ANGRY BIRDS желтая птичка 3D 400мл,13614,69
MAGIX Video Deluxe 21 BOX,4540,75
MORRICONE ENNIO & SOFIA SYMPHONY ORCHESTRA  85 лет маэстро  CD+DVD (фирм.),4679,55
ХОРОШО БЫТЬ ТИХОНЕЙ,21415,40
1С:Аудиокниги. Легенды и мифы древней Греции для детей. Аргонавты (Digipack),283,45
IRON MAIDEN  The Final Frontier,3921,55
UK Truck Simulator (PC-DVD) (Jewel),7175,30
"Настольная игра Манчкин 6 Безбашенные подземелья, арт. 2007",16151,64
ВЗВОД (BD),9851,37
CorelDRAW Home & Student Suite X6 Mini box Russian,2412,75
МИХАЙЛОВ СТАС  На бис!  Лучшие песни  CD+DVD (фирм.),14679,55
Гашек Ярослав  Юмористические рассказы (mp3-CD) (Jewel),10574,43
КУЗЬМИН ВЛАДИМИР  Grand Collection,13022,55
"Dragon's Dogma [PS3, русская документация]",3045,19
Я ПЛЮЮ НА ВАШИ МОГИЛЫ (BD),22125,37
ТЕМНЫЙ РЫЦАРЬ. ТРИЛОГИЯ (6 DVD+Артбук),19636,41
ЛЕДИ И БРОДЯГА 2. ПРИКЛЮЧЕНИЯ ШАЛУНА,13835,40
РОБОКАР ПОЛИ  Полная коллекция  Сезон 2  Выпуск 1  4DVD,17888,40
Йо-йо Yo-Yo Factory California10 Red,12290,62
"Need for Speed: Most Wanted (a Criterion Game) [Xbox 360, русская версия]",5277,23
БИБЛИЯ (BD),8885,37
ЧЕРЕПАШКИ НИНДЗЯ: Битва супергероев (Регион),21668,40
"Assassin's Creed IV. Черный флаг. Special Edition [PC, Цифровая версия]",1510,31
"Настольная игра Властелин Колец, арт.1050",16072,64
"3D КОЛЛЕКЦИЯ (Ржевский проти Наполеона,Мушкетеры,Бой с тенью, Властелин Танца) (3D BD)",1045,38
"Dante's Inferno [PS3, английская версия]",2683,19
ДЖЕЙН ЭЙР (Вольга регион),10980,40
ПЕЛАГЕЯ  Тропы  DVD,16938,59
ТРОЯ WB (регион),19889,40
Большой  игровой набор с машинкой Тагамото энфорсер роад сэт,9295,62
"Inversion [PC, Jewel, русская версия]",3941,30
АНГЕЛЫ ВОЙНЫ,8285,40
"Секреты проф.работы с 1С:Бухгалтерией 8. УЧЕТ ОСНОВНЫХ СРЕДСТВ. Харитонов С.А., Чистов Д.В.",19343,49
"КЛАССИКА  Бизе Жорж  Щедрин Родион  Кармен-сюита  Транскрипции фрагментов оперы ""Кармен""",12532,55
БРОСОК КОБРЫ (BD),9052,37
МЕЛАНХОЛИЯ (BD),14522,37
Дроид Star Wars ВВ-8 интерактивный,11385,72
10 000 ЛЕТ ДО НАШЕЙ ЭРЫ WB (регион),34,40
ПЛАН Б (BD),17094,37
ВОСПОМИНАНИЯ О БУДУЩЕМ,10037,40
МОНСТР В ПАРИЖЕ (BD),14747,37
"Assassin's Creed IV. Черный флаг - Time saver: Technology Pack [PC, Цифровая версия]",1493,31
Бухгалтерский учет для принятия управленческих решений. М.Л.Пятов,9466,49
ИГРА ПРЕСТОЛОВ. СЕЗОН 3 (5 DVD),11925,40
Объёмные бумажные наклейки самолёты,16770,66
"FIFA 16 [Xbox One, русская версия]",3353,24
ПЕРЕКРЕСТОК МИЛЛЕРА (BD),16971,37
"Офисное Кунг-Фу (только для PS Move) [PS3, русская версия]",16836,19
ОБРАТНАЯ СТОРОНА ЛУНЫ э (BD),16464,37
СЕКРЕТ  Секрет 30 (фирм.),18584,55
"Assassin's Creed 3. Special Edition [PC, русская версия]",1475,28
"Just Dance 4 (с поддержкой PS Move) [PS3, английская версия]",4057,19
"Комплект «EyePet (Essentials) [PSP, русская версия]» + «Invizimals [PSP, русская версия](Essentials)",13453,21
"Карта памяти Memory Stick Pro Duo HX 8GB (50МБ/с - чтение, 15МБ/с - запись)",13102,4
АРТЕМЬЕВ ЭДУАРД  Солярис  Музыка к фильму Андрея Тарковского  LP,8374,58
ЧЕРЕПАШКИ-НИНДЗЯ. Выпуск 10. Измерение Икс,21676,40
"1С:Школа. Игры и задачи, 1-4 классы (DVD-box)",866,77
"Схватка (Essentials) (только для PS Move) [PS3, русская версия]",19516,19
AC/DC  Back In Black,1201,55
SHAKIRA  She Wolf,6271,55
ARMIN VAN BUUREN  Mirage,1311,55
Толстовка Minecraft Ocelot Premium Zip-up детская желтая L (40-42),19976,61
"Football Manager 2013 (СофтКлаб) [PC, Цифровая версия]",3532,31
"Dark Souls 2: Scholar of the First Sin [PS4, русские субтитры]",2698,20
СПЛИН  Сигнал из космоса (фирм.),19052,55
ИГРЫ КИЛЛЕРОВ,11933,40
"Assassin's Creed: Синдикат. Грачи [PC, русская версия]",1580,28
УКРЫТИЕ (DVD+ BD),20063,40
"1С:Аудиокниги. Генри Хаггард. Дочь Монтесумы [PC, Цифровая версия]",208,44
"МЭРИ ПОППИНС, ДО СВИДАНИЯ! (rem)",14922,40
НОЧЬ В МУЗЕЕ (BD),15813,37
СБ. DiscoRemix 2015 (mp3-CD) (jewel),18219,57
Футбэг вязанный полоска,21324,62
СМЕРТЕЛЬНОЕ ОРУЖИЕ WB (BD),18776,37
ПИРАНЬИ (3D BD),17059,38
"WILLIAMS, ROBBIE Intensive Care 2LP",7662,58
ЛЕПС ГРИГОРИЙ  Гангстер №1  2LP,13887,58
БОЙ С ТЕНЬЮ 3D: ПОСЛЕДНИЙ РАУНД,8950,40
"Танки Второй мировой: T-34 против Тигра [PC, Цифровая версия]",19925,31
АВАТАР. КНИГА 1. ВОДА. ВЫПУСК 3,8099,40
"Tom Clancy's Splinter Cell (Essentials) [PSP, английская версия]",7040,21
Runaway 3. A twist of fate. Поворот судьбы (PC-DVD) (DVD-box),6178,28
"Фигурка E.T. Series 1 Dress Up 7""",20467,72
Powerball 250 Hz NEON Blue (PB - 188L Blue),5862,62
ВОЗДУШНАЯ ТЮРЬМА/ПЕРЛ-ХАРБОР (BD),9963,41
БАРБИ И ДРАКОН (регион),8623,40
DEEP PURPLE  Machine Head,2527,55
ENIGMA  Love Sensuality Devotion  The Greatest Hits,3115,55
СТРАНА ХОРОШИХ ДЕТОЧЕК,19121,40
XOne: Зарядная станция ORB на 2 геймпада c 2мя аккумуляторами (020908),7930,7
"THOR: God of Thunder [Xbox 360, английская версия]",6872,23
Резинки для плетения светло-розовые Mixed Bands Skin Tone Rainbow Loom арт. B0078(529),18041,70
"Borderlands: The Pre-Sequel. набор «Баронесса леди Хаммерлок» (дополнение) [PC, Цифровая версия]",2043,31
ОДНОЙ ЛЕВОЙ,16525,40
ПАТРУЛЬ,16919,40
"1С:Аудиокниги. Гилберт Э. Есть, молиться, любить (Jewel)",210,45
БАРБОСКИНЫ ВЫПУСК 2: ЛУЧШИЙ ПОДАРОК,8660,40
Cartoon Network: Punch Time Explosion XL [PS3],2351,19
DEEP PURPLE  Now What?!,2534,55
V/A The Sound Of Dubstep  1,7466,55
СТУКАЧ (BD),19148,37
"Contrast [PC, Цифровая версия]",2408,31
ПОМПЕИ э. (BD),17236,37
Nanoblock Белая акула,5094,67
КУНГ-ФУ ПАНДА  1-2  2DVD,13035,40
300 СПАРТАНЦЕВ: РАСЦВЕТ ИМПЕРИИ (3D BD+BD) железный бокс,980,41
1С:Аудиотеатр. Грибоедов А.С. Горе от ума (спектакль) (Jewel),424,45
ВЕДЬМА (BD),9760,37
"Английский язык? Запросто! Учимся строить предложения [PC, Цифровая версия]",8516,78
1С:Аудиотеатр. Пушкин А.С. Выстрел (с участием В. Гафта) [Цифровая версия],447,44
ИСТОРИЯ ИГРУШЕК-2 (регион),12066,40
ОРЕЛ ДЕВЯТОГО ЛЕГИОНА,16597,40
ОГНЕМ И МЕЧОМ (2 DVD),16475,40
VAN DYK PAUL  The Politics Of Dancing 3,7534,55
"Street Fighter x Tekken Special Edition [Xbox 360, русские субтитры]",6756,23
"Risen 3: Titan Lords [Xbox 360, английская версия]",6164,23
ТРОН:НАСЛЕДИЕ (регион),19866,40
"Battlefield Hardline. Deluxe Edition [PS3, русская версия]",1880,19
СМЕШАРИКИ  АЗБУКА БЕЗОПАСНОСТИ,18797,40
"Disney. История Игрушек. Большой Побег [PC, Цифровая версия]",2927,31
Набор фигурок Adventure Time Lumpy Space Princess and Jake 2в1 (6см),15911,72
"Borderlands 2  Набор материалов коллекционного издания [PC, Цифровая версия]",1981,31
ДЕТЯМ  333 лучшие детские песни  12CD (box),10890,60
РЕЙД,17837,40
"Farming Simulator 2013 [PC, Jewel, русская версия]",3470,30
МАЛЫШИ (регион),14324,40
1С:Репетитор. Русский язык. Сдаем ЕГЭ  (2014) (Jewel),812,77
АНДЕРСЕН (rem),8295,40
КРУГ МИХАИЛ  Платиновый альбом,12978,55
ЖИЗНЬ ПИ (3D BD),11497,38
ПОП (BD),17237,37
STANSFIELD LISA  Seven,6328,55
ЧТО ТВОРЯТ МУЖЧИНЫ! 2,21742,40
"Rayman Legends [PS3, русская версия]",6084,19
РОНАЛ-ВАРВАР (3D BD),17953,38
ПРИКЛЮЧЕНИЯ НЕЗНАЙКИ И ЕГО ДРУЗЕЙ сб. м/ф (Регион),17386,40
"Учет налога на прибыль в ""1С:Бухгалтерии 8"". 2-е изд, Басалаева Н.Ю, Баев Н.Г.",20194,49
3D Crystal Puzzle Сердце S,1027,67
"Секреты проф.работы с 1С:Бух.8 (ред.3.0). КАДР. УЧЕТ И ЗАРПЛАТА. Изд 3. Грянина, Харитонов",19338,49
ВВС:НЕВИДИМЫЕ МИРЫ-3,9684,40
"ВИКИ, КРИСТИНА, БАРСЕЛОНА (Регион)",9868,40
ОФИЦЕРЫ (цветной) (регион),16714,40
ФАНАТКИ НА ЗАВТРАК НЕ ОСТАЮТСЯ,20205,40
Футболка Starcraft II Protoss Vintage Logo черная L,21227,61
ХАНУМА (rem),21328,40
ВВС:КАТАСТРОФЫ XX,9671,40
Комикс The Sandman Песочный человек Том 3 Страна снов,13222,47
OST Лучшие песни из кинофильмов  2,5354,55
Мягкая игрушка Adventure Time Jake Slamacow со звуком (50см),15227,63
ИГРА ПРЕСТОЛОВ. СЕЗОН 3 (5 BD+яйцо+открытки),11924,41
МОЙ МАЛЕНЬКИЙ ПОНИ. Сезон 1. Выпуск 6,14724,40
PS3: Контроллер игровой беспроводной синий (Dualshock Wireless Controller Azurite Blue: CECHZC2E: SCEE),5638,2
"New Little King`s Story [PS Vita, английская версия]",5286,22
IRON MAIDEN  Iron Maiden  LP,3912,58
ОЗ: ВЕЛИКИЙ И УЖАСНЫЙ (3D BD+BD),16532,38
Чайф (mp3-CD) (digipack),21770,57
ТЕТУШКИ,19660,40
"Screamride [Xbox 360, русская версия] (D9Y-00019)",6407,23
РЯЗАНОВ ЭЛЬДАР  К 80-летию мастера  10DVD (rem),18009,41
КОЛЛЕКЦИЯ ФРАНЦУЗСКОЕ КИНО  Часть 1,12705,40
1С:Образовательная коллекция. Мир животных и растений (DVD-box),606,77
КУХНЯ (11-20),13053,40
КРУТОЙ ИГОРЬ  Без слов  2,12986,55
"Набор фигурок Walking Dead 4 в1 3""",15933,72
Микроробот Нано новогодний в шаре,15100,62
ЛЮБОВЬ. ИНСТРУКЦИЯ ПО ПРИМЕНЕНИЮ (BD),14095,37
Nanoblock Спорт: Плаванье,5174,67
THE BEATLES  1958 - 1962  LP,6797,58
САМОЙЛОFF ГЛЕБ & THE MATRIXX  Резня в Асбесте (фирм.),18140,55
МАСКА,14379,40
СБ. Бег In The USSR  Песни Владимира Сапунова (фирм.),18277,55
Футболка Darksiders The Horseman L,21072,61
ИНТЕРНЫ 4 СЕЗОН (регион),12009,40
P.S.BOX Экстрим Люкс,5427,68
Naruto. Ultimate Ninja Storm (full eng) (PS3) (Case Set),5215,19
"1С:Коллекция игрушек ""Рекс и волшебники"" [PC, Цифровая версия]",512,31
"1С:Школа. Биология, 7 класс (3-е издание, переработанное) [PC, Цифровая версия]",856,78
Photoshop Elements + PREMIERE Elements BUNDLE (10.0) WIN FULL RU,5749,75
Головоломка Двойное У****/Cast U&U**** Арт. 473745,10633,67
"FIFA Manager 13 [PC, английская версия]",3362,30
ХОББИТ: БИТВА ПЯТИ ВОИНСТВ (регион),21369,40
Kaspersky Internet Security 2012 Russian Edition. 2-Desktop 1 year Base Box,4160,75
"Stronghold 3 (СофтКлаб) [PC, Цифровая версия]",6760,31
НЕ СКАЖУ,15614,40
МУЖЧИНА НАРАСХВАТ (регион),14860,40
V/A Настоящий блюз  The Best  2,7524,55
Наушники вставные Star Wars Yoda,16265,61
1С:Аудиокниги. Твен М. Приключения Тома Сойера,385,45
ТРАНСФОРМЕРЫ: ЭПОХА ИСТРЕБЛЕНИЯ (3D+2D) (BD),19796,38
CATCH C.C.  The 80`S Album  3CD (фирм.),2085,56
BLACK SABBATH  Mob Rules  2CD  Deluxe Edition (фирм.),1698,56
СЛУЖЕБНЫЙ РОМАН (BD),18758,37
АЛЫЕ ПАРУСА (регион),8248,40
СЕКС В БОЛЬШОМ ГОРОДЕ. СЕЗОН 2,18603,40
В БОЙ ИДУТ ОДНИ СТАРИКИ (ЦВЕТ.) (регион),9480,40
ЛУНТИК СЕЗОН 5 (Колл. 5 DVD),13984,41
DJ VINI  Fever,2645,55
"Majesty 2. The Fantasy Kingdom Sim [PC, Цифровая версия]",4739,31
"Настольная игра Война Полов, арт.1164",16074,64
MUJUICE  Metamorphosis,4704,55
Футболка Starcraft II Heart Of The Swarm черная M,21223,61
"Disney. Infinity. Персонаж ""Майк Вазовски""",2904,25
Антивирус ESET NOD32 - продление лицензии на 1 год на 3ПК (коробка),8528,75
Зоопарк  MP3 Play (mp3-CD) (digipack),11883,57
ВВС:СЕРДЦЕ АФРИКИ 2,9722,40
ЛВК: ПРОЩАЙ...,13801,40
МЕДАЛЬОН (регион),14505,40
"Дальнобойщики 3. Покорение Америки. Доп. аэрография для тягача Hercules Freedom [PC, Цифровая версия",11278,31
ОЧЕНЬ ОПАСНАЯ ШТУЧКА  (регион),16742,40
ТВОРЧЕСКАЯ МАСТЕРСКАЯ. АППЛИКАЦИЯ ДЛЯ ДЕТЕЙ 3-5 ЛЕТ,19609,40
ВЛАДИМИР ВЫСОЦКИЙ. ЧЕТЫРЕ ВСТРЕЧИ (регион),9898,40
"Эадор. Владыки миров [PC, Jewel, русская версия]",22076,30
BONAMASSA JOE  Dust Bowl  LP,1747,58
Мягкая игрушка ЛЬВЕНОК,15370,63
СБ. Песни нашего века  3CD (фирм.),18414,55
Кружка ANGRY BIRDS термо керамичесая 92740,13627,69
IL DIVO  A Musical Affair,3899,55
СТАНИЦА (СЕРИАЛ) (2DVD),19074,40
DEEP PURPLE  Who Do You Think We Are  LP,2554,58
ПРИКЛЮЧЕНИЯ ВИННИ,17365,40
QIDDY MINI AK-4273 ТРИЦЕРАТОПС,5928,67
"В тылу врага 2: Штурм. Полное издание [PC, Цифровая версия]",9530,31
ЛЮДИ В ЧЕРНОМ 1/2. ПЕРЕИЗДАНИЕ (BD),14112,37
"ПАРИЖ, Я ЛЮБЛЮ ТЕБЯ (регион)",16894,40
"XCOM: Enemy Within [PC, Jewel, русская версия]",7917,30
ВЫСОТА (rem),10126,40
БОРИС ГОДУНОВ (регион),9006,40
ИСЧЕЗНУВШАЯ ИМПЕРИЯ (BD),12092,37
МТГ(РУС): Истоки: Начальный набор арт. 921002,14840,65
ТЕЛОХРАНИТЕЛЬ (BD),19624,37
Pokemon XY Грохочущие Небеса Блистер,5826,65
ЛОФТ,13976,40
МЯГКАЯ ИГРУШКА  МАША  РАССКАЗЫВАЕТ 3 СКАЗКИ В КОР. 30СМ,14927,63
1С:Аудиокниги. Чудесные сказки (Digipack),408,45
НЕЖНОСТЬ (BD),15652,37
"Sims 3. В сумерках (дополнение) [PC, русская версия]",6480,28
ТЫ И Я,19912,40
Браун Дэн  Точка обмана (mp3-CD) (Jewel),9315,43
Morricone Ennio. Mp3 Collection (mp3-CD) (Jewel),4884,57
ИСЧЕЗНУВШАЯ,12090,40
ТРАНСФОРМЕРЫ (1-4) (BD),19774,41
ДРУГОЙ МИР: ПРОБУЖДЕНИЕ (BD),11227,37
LAURIE HUGH  Didn’t It Rain,4296,55
БЕРСЕРК: Берсерк Твоя битва арт. 1137,8818,65
ЗООПАРК  Иллюзии  LP,11793,58
ВЛАСТЕЛИН КОЛЕЦ  ТРИЛОГИЯ  6DVD+карта+2 открытки,9901,41
Вагин Игорь  Как поставить собеседника на место. Методы словесной атаки (mp3-CD) (Jewel),10180,43
ЛЮБЭ  Свои  20 лет,14107,55
ЗАПРЕТНАЯ ЗОНА,11628,40
ТАРИВЕРДИЕВ МИКАЭЛ  Знаменитые песни из знаменитых кинофильмов,19587,55
РОБОКОП 2 (BD),17893,37
TOKIO HOTEL  Kings Of Suburbia,6888,55
АТЛАНТ РАСПРАВИЛ ПЛЕЧИ (регион),8403,40
МОЛОДАЯ ГВАРДИЯ  2DVD,14736,40
ЧЕМ ДАЛЬШЕ В ЛЕС (BD),21657,37
1С:Образовательная коллекция. Little English. Я и мой дом. Игры и упражнения для малышей (Jewel),554,77
"Panda Internet Security 2013 (1 ПК, 1 год) [PC, Цифровая версия]",5708,76
ПУАРО. ПОЛНАЯ КОЛЛЕКЦИЯ (48 DVD),17505,41
"КОМПАС-3D V15 Home эл. лиц. [PC, Цифровая версия]",12731,76
Мягкая игрушка Minecraft Creeper 26см,15283,63
NORTON 360 RU 1 USER 3LIC ARVATO MM,5068,75
Мягкая игрушка Regular Show Mordecai со звуком 25см,15306,63
SCORPIONS  Return To Forever,6252,55
"God of War: Призрак Спарты (Platinum) [PSP, русская версия]",3699,21
ТОМ КРУЗ. Коллекция фильмов,19742,40
